"- Kuroko no Basket - Doujinshi","http://blogtruyen.com/truyen/kuroko-no-basket-doujinshi"
"- SINS -","http://blogtruyen.com/truyen/sins"
""Aoi" - Hikaru ga Chikyuu ni Itakoro...... chap 15","http://blogtruyen.com/truyen/aoi-hikaru-ga-chikyuu-ni-itakoro-new"
""Suki" to Ienai","http://blogtruyen.com/truyen/suki-to-ienai"
"$100 is Too Cheap","http://blogtruyen.com/truyen/100-is-too-cheap"
"& Dropout new","http://blogtruyen.com/truyen/dropout"
"(G) Edition update chapter 5","http://blogtruyen.com/truyen/g-edition"
"...no Onna chap 1-4 END","http://blogtruyen.com/truyen/no-onna"
".hack//G.U.+ chap 3","http://blogtruyen.com/truyen/-hack-g-u"
":REverSAL  [Update chap 7]","http://blogtruyen.com/truyen/-reversal"
"[ BTG ] Project Doll-Phone chap 2 completed","http://blogtruyen.com/truyen/btg-project-doll-phone"
"[18+] Wolf And Mary [Complete]","http://blogtruyen.com/truyen/18-wolf-and-mary"
"[Acc.vn] Chocolate Christmas [Complete]","http://blogtruyen.com/truyen/accvn-chocolate-christmas"
"[ArtBook] One Piece Databook - Color Walk 5: Shark","http://blogtruyen.com/truyen/-artbook-one-piece-databook-color-walk-5-shark"
"[Biology Comic] Egg Princess & Sperm Prince one shot","http://blogtruyen.com/truyen/biology-comic-egg-princess-sperm-prince"
"[Comic TS3] Alice update chap 3","http://blogtruyen.com/truyen/comic-ts3-alice"
"[Event] Loop one shot","http://blogtruyen.com/truyen/event-loop"
"[G]Shinmai Maou no Keiyakusha (update chap 1)","http://blogtruyen.com/truyen/-g-shinmai-maou-no-keiyakusha"
"[HFC]Kamisama No Iutoori II update chap 64-67","http://blogtruyen.com/truyen/hfc-kamisama-no-iutoori-ii"
"[K]9- Bakumatsu Renka Karyuu KenshIden (UPDATE 4)","http://blogtruyen.com/truyen/-k-9-bakumatsu-renka-karyuu-kenshiden-new"
"[K]9_HIIRO NO KAKERA - MEZAME NO KIZA NEW NEW","http://blogtruyen.com/truyen/-k-9-hiiro-no-kakera-mezame-no-kiza"
"[Không lời]Dragon Ball: Chuyện tình Bulma và Vegeta","http://blogtruyen.com/truyen/-khong-loi-dragon-ball-chuyen-tinh-bulma-va-vegeta"
"[N52] The Flash","http://blogtruyen.com/truyen/-n52-the-flash"
"[Naruto][ItaSasu] Kể từ ngày đó, thế giới đã...","http://blogtruyen.com/truyen/itasasu-ano-hi-kara-sekai-niha-7447"
"[NyanFan] Chi's Sweet Home - ngôi nhà của chi boom","http://blogtruyen.com/truyen/-nyanfan-chi-s-sweet-home-ngoi-nha-cua-chi"
"[Pokemon Doujinshi] Update Chap 11 - Sick - Sinh nhật vui vẻ nhé Gold","http://blogtruyen.com/truyen/pokemon-doujinshi-truyen-ngan-pokemon"
"[Quà 70000 like page] Dragon Ball Z : Hoán đổi thân xác","http://blogtruyen.com/truyen/qua-70000-like-page-dragon-ball-z-hoan-doi-than-xac"
"[Sengoku Basara Doujinshi] Aquarium","http://blogtruyen.com/truyen/-sengoku-basara-doujinshi-aquarium"
"[Switch] Update Vol 18","http://blogtruyen.com/truyen/switch"
"[Tạp chí box NFC] Naruto FC Magazine","http://blogtruyen.com/truyen/tap-chi-box-nfc-naruto-fc-magazine"
"[Trace] [Fix FULL]","http://blogtruyen.com/truyen/trace"
"[Truyenmix.com] Basilisk Cập nhật chap 22","http://blogtruyen.com/truyen/truyenmix-basilisk"
"[Truyenmix.com] Double Arts [Cập nhật chap cuối cho những ai chưa đọc :D]","http://blogtruyen.com/truyen/double-arts-7781"
"[Truyenmix.com]Spider man - The manga [gặp phải anh kangaroo. Chap 3.1]","http://blogtruyen.com/truyen/spider-man-the-manga"
"~0 x 0 Memories One Shot","http://blogtruyen.com/truyen/-0-x-0-memories"
"~0 x 0 Memories","http://blogtruyen.com/truyen/0-x-0-memories"
"+Anima update chap 55-56","http://blogtruyen.com/truyen/anima"
"+C Sword and Cornett update chap 2 mới","http://blogtruyen.com/truyen/-c-sword-and-cornett"
"+C: Sword and Cornett update chap 2","http://blogtruyen.com/truyen/c-sword-and-cornett"
"←☼ Ookii Onnanoko wa Suki Desu ka? ☼→ ✿◕ Update Chap 6 ✿◕","http://blogtruyen.com/truyen/ookii-onnanoko-wa-daisuki-desu-ka"
"0 no soukoushi [Full 3 chap]","http://blogtruyen.com/truyen/0-no-soukoushi"
"0.0 Mhz chap 2","http://blogtruyen.com/truyen/00-mhz"
"01 update chap 41 mới","http://blogtruyen.com/truyen/01"
"07 Ghost Updatechap 96-99","http://blogtruyen.com/truyen/07-ghost"
"090 - Eko to Issho chap 1","http://blogtruyen.com/truyen/090-eko-to-issho"
"09Summer","http://blogtruyen.com/truyen/09summer"
"0-no-soukoushi","http://blogtruyen.com/truyen/0nosoukoushi"
"1 love 9 [Update chương 006]","http://blogtruyen.com/truyen/1-love-9"
"1/11 update chap 4 mới","http://blogtruyen.com/truyen/1-11"
"1/2 Love! update chap 3.5 extra END","http://blogtruyen.com/truyen/1-2-love"
"1/2 Prince UPDATE CHAP 69b-70","http://blogtruyen.com/truyen/12-prince"
"1/3 no Kareshi","http://blogtruyen.com/truyen/13-no-kareshi"
"1/3 Romantica update chap 3.2","http://blogtruyen.com/truyen/1-3-romantica"
"10 ĐIỀU PHẢI LÀM KHI LÀ ĐÀN ÔNG update chap 1(k hen nhé, đừng cho em ra đảo)","http://blogtruyen.com/truyen/10-dieu-phai-lam-khi-la-dan-ong"
"10 year rain chap 1","http://blogtruyen.com/truyen/mada-amanogawa-ni-ikenai-manga"
"100 Days Dream","http://blogtruyen.com/truyen/100-days-dream"
"100 Kutukan Yuko-Chan ==> Update Chap 35","http://blogtruyen.com/truyen/100-kutukan-yuko-chan"
"100% GOKUAMA KARESHI - Update chap 4","http://blogtruyen.com/truyen/100-gokuama-kareshi-sotm-comic"
"100% no Kimi e update chap 8 mới","http://blogtruyen.com/truyen/100-no-kimi-e"
"100% Perfect Girl - Full 11 Vol","http://blogtruyen.com/truyen/100-perfect-girl"
"1001 Knights update chap 25 mới","http://blogtruyen.com/truyen/1001-knights"
"1001 Nights chap 72-74","http://blogtruyen.com/truyen/1001-nights"
"108 - Tân Thuỷ Hử update chap 17","http://blogtruyen.com/truyen/108-tan-thuy-hu"
"11 eyes chap 9","http://blogtruyen.com/truyen/11-eyes"
"11th cat","http://blogtruyen.com/truyen/11th-cat"
"12 Beast","http://blogtruyen.com/truyen/12-beast"
"12 Beast Updatep Chap 000-007","http://blogtruyen.com/truyen/12-beast-7409"
"12 BEAST MANGA UPDATE CHAP 4.5","http://blogtruyen.com/truyen/12-beast-manga"
"12 Beats chap 1","http://blogtruyen.com/truyen/12-beats"
"12 Cung hoàng đạo","http://blogtruyen.com/truyen/12-cung-hoang-dao-new"
"12 cung hoàng đạo đêêêê.... update chapter 22","http://blogtruyen.com/truyen/12-cung-hoang-dao-deeee"
"13 Game update chap 2","http://blogtruyen.com/truyen/13-game-manga"
"13. One shot-Complete","http://blogtruyen.com/truyen/13"
"13-nin no Short Suspense and Horror chap 8","http://blogtruyen.com/truyen/13-nin-no-short-suspense-and-horror"
"14 Juicy [ chap 35 ]","http://blogtruyen.com/truyen/14-juicy"
"14R","http://blogtruyen.com/truyen/14r"
"14R One Shot","http://blogtruyen.com/truyen/14r-new"
"14-Sai - Horror !!","http://blogtruyen.com/truyen/14-sai"
"14-sai no Koi update Vol.004 Chap 017.06 mới","http://blogtruyen.com/truyen/14-sai-no-koi"
"16 Life [Full 11chap]","http://blogtruyen.com/truyen/16-life"
"17 o'clock","http://blogtruyen.com/truyen/17-o-clock"
"17 Years Old, That Summer Day's Miracle","http://blogtruyen.com/truyen/17-years-old-that-summer-day-s-miracle"
"17-oneshot","http://blogtruyen.com/truyen/17-oneshot"
"17Sai Natsu  Seifuku no Jouji [Full 4 chap]","http://blogtruyen.com/truyen/17sai-natsu-seifuku-no-jouji"
"17-sai, Kiss to Dilemma update chap extra 002","http://blogtruyen.com/truyen/17-sai-kiss-to-dilemma-new"
"18 Diary chap extra END","http://blogtruyen.com/truyen/18-diary"
"19 show diễn chú bướm đỏ lang thang 1","http://blogtruyen.com/truyen/19-show-dien-chu-buom-do-lang-thang"
"1911 chap 7","http://blogtruyen.com/truyen/1911"
"197x","http://blogtruyen.com/truyen/197x"
"2 Kaime no Hajimete no Koi oneshot","http://blogtruyen.com/truyen/2-kaime-no-hajimete-no-koi"
"2 x Bone [Action]","http://blogtruyen.com/truyen/2-x-bone"
"2.5 Jigen Kareshi chap 1","http://blogtruyen.com/truyen/25-jigen-kareshi"
"20 Mensou Ni Onegai!! [Full 9 chap]","http://blogtruyen.com/truyen/20-mensou-ni-onegai"
"20, 21","http://blogtruyen.com/truyen/20-21"
"20th Century Boys Update Chap 249","http://blogtruyen.com/truyen/20th-century-boys"
"21 Emon chap 21-23","http://blogtruyen.com/truyen/21-emon"
"21st Century Boys Chap 1:","http://blogtruyen.com/truyen/21st-century-boys"
"24 Colors [Full 5 chap]","http://blogtruyen.com/truyen/24-colors"
"25 QUY LUẬT VỀ NHÂN SINH","http://blogtruyen.com/truyen/25-quy-luat-ve-nhan-sinh"
"27-sai - Atashi, Koi ga, Shitai.","http://blogtruyen.com/truyen/27-sai-atashi-koi-ga-shitai"
"2D's Ambassador.","http://blogtruyen.com/truyen/2d-s-ambassador"
"2nd girl trouble chapter 1=>>","http://blogtruyen.com/truyen/2nd-girl-trouble"
"2-nen G-gumi Sensaka Chiharu Kareshi Boshuuchuu Update Chap 003","http://blogtruyen.com/truyen/2-nen-g-gumi-sensaka-chiharu-kareshi-boshuuchuu"
"3 Gatsu no lion update chap 23","http://blogtruyen.com/truyen/3-gatsu-no-lion"
"3 Hearts","http://blogtruyen.com/truyen/3-hearts"
"31 Ai Dream chap 3","http://blogtruyen.com/truyen/31-ai-dream"
"34-sai Mushoku-san update chap 4 mới","http://blogtruyen.com/truyen/34-sai-mushoku-san"
"360 Degrees Material chap 2","http://blogtruyen.com/truyen/360-degrees-material"
"37 Kiss chap 1-4","http://blogtruyen.com/truyen/37-kiss"
"37°C Kiss full 4 story","http://blogtruyen.com/truyen/37-c-kiss"
"3D Kanojo - Bạn gái 3D Update chap 14 ~ đã từ rất lâu rồi.....chậc chậc","http://blogtruyen.com/truyen/3d-kanojo-ban-gai-3d"
"3x3 eyes ^^ TkS tất cả các bác ^^ em zui lắm lắm ^&^","http://blogtruyen.com/truyen/3x3.eyes"
"4 GOD RANGER","http://blogtruyen.com/truyen/4-god-ranger"
"5 cm per second Update chap 2 mới","http://blogtruyen.com/truyen/5-cm-per-second"
"5 minutes before school end","http://blogtruyen.com/truyen/5-minutes-before-school-end"
"50 Million Km update chap 14-23 END","http://blogtruyen.com/truyen/50-million-km"
"5Cats Update Chap 001 - New","http://blogtruyen.com/truyen/5cats"
"6 no trigger chap 4-6","http://blogtruyen.com/truyen/6-no-trigger-6562"
"6 no Trigger chap 3 mới","http://blogtruyen.com/truyen/6-no-trigger"
"6000 the deep sea of madness update chapter 14","http://blogtruyen.com/truyen/6000-the-deep-sea-of-madness"
"666 Satan [Update] chap 51","http://blogtruyen.com/truyen/666-satan"
"7 Centi! chap 7","http://blogtruyen.com/truyen/7-centi"
"7 Jikan-me Rhapsody full","http://blogtruyen.com/truyen/7-jikan-me-rhapsody"
"7 Sắc Cầu Vồng ==> Chương 4 bắt đầu!!!","http://blogtruyen.com/truyen/7-sac-cau-vong"
"7 seeds update chap 144-145","http://blogtruyen.com/truyen/7-seeds"
"703X update chap 2 mới","http://blogtruyen.com/truyen/703x"
"7-Daime no Tomari! update chap 8","http://blogtruyen.com/truyen/7-daime-no-tomari"
"7th Garden update chap 5","http://blogtruyen.com/truyen/7th-garden"
"8.1 - Yamada Yuusuke Gekijou Update Chap 006","http://blogtruyen.com/truyen/81-yamada-yuusuke-gekijou"
"9 Faces of Love","http://blogtruyen.com/truyen/9-faces-of-love"
"99% love [One shot]","http://blogtruyen.com/truyen/99-love"
"A Bias Girl Update Chap 5","http://blogtruyen.com/truyen/a-bias-girl"
"A Bittersweet Life update chap 12","http://blogtruyen.com/truyen/a-bittersweet-life"
"A book of dreams update chap 6-12 mới","http://blogtruyen.com/truyen/a-book-of-dreams"
"A Certain Around 30's Delusions Update Chap 1","http://blogtruyen.com/truyen/a-certain-around-30-s-delusions"
"A Channel update chapter 34","http://blogtruyen.com/truyen/a-channel"
"A cheeky Angel chap 9a new","http://blogtruyen.com/truyen/a-cheeky-angel"
"A Drop of Ocean One Shot","http://blogtruyen.com/truyen/a-drop-of-ocean"
"A Fairy Tale for You 1 bộ truyện hay, đáng để anh em xem:D","http://blogtruyen.com/truyen/a-fairy-tale-for-you"
"A Fairytale For The Demon Lord  - BOOOOOM 5 chap đây!!! Xin lỗi vì thớt quá lười =)) Truyện càng ngày càng hack não!!! Đọc lại từ đầu đi :v","http://blogtruyen.com/truyen/a-fairytale-for-the-demon-lord"
"A friendly orcs' daily life - Mọi ngày của chàng orc thân thiện chap 3","http://blogtruyen.com/truyen/a-friendly-orcs-daily-life-moi-ngay-cua-chang-orc-than-thien"
"A Girls","http://blogtruyen.com/truyen/a-girls"
"A Happy Birthday from Paradise truyện tình cảm nhẹ nhàng, hài hước và đầy kịch tính","http://blogtruyen.com/truyen/a-happy-birthday-from-paradise"
"A Kiss For My Prince - Nụ hôn hoàng tử (END) Chap 27 ra lò - Ngày mới vui vẻ","http://blogtruyen.com/truyen/a-kiss-for-my-prince-5872"
"A Lollipop or a Bullet chap 3","http://blogtruyen.com/truyen/a-lollipop-or-a-bullet"
"A Love in 100 Days chap 1-3","http://blogtruyen.com/truyen/a-love-in-100-days"
"A Love Story in Moist Rainy Days","http://blogtruyen.com/truyen/a-love-story-in-moist-rainy-days"
"A Love That Feels The Cold One Shot","http://blogtruyen.com/truyen/a-love-that-feels-the-cold"
"A Method to Make the Gentle World Update Chap 006","http://blogtruyen.com/truyen/a-method-to-make-the-gentle-world"
"A Serow's Deadly Fall","http://blogtruyen.com/truyen/a-serow-s-deadly-fall"
"A Short Journey Chap sẽ được post vào thứ tư hằng tuần","http://blogtruyen.com/truyen/a-short-journey"
"A Silent Greeting","http://blogtruyen.com/truyen/a-silent-greeting"
"A Simple Thinking About Bloodtype chap 11","http://blogtruyen.com/truyen/a-simple-thinking-about-bloodtype"
"A Story Of Heroes update chap 152","http://blogtruyen.com/truyen/a-story-of-heroes"
"A SUNNY DAY ONE SHOT","http://blogtruyen.com/truyen/a-su"
"A Tackle  On My Life  New PJ  Cua Hwang MIri","http://blogtruyen.com/truyen/a-tackle-on-my-life"
"A Thousand Years Ninetails Update chap 5 up mừng quốc khánh","http://blogtruyen.com/truyen/a-thousand-ninetails"
"A Trap can also Use a Girl's Weapon","http://blogtruyen.com/truyen/a-trap-can-also-use-a-girls-weapon"
"A white summer oneshot","http://blogtruyen.com/truyen/a-white-summer"
"A*D Tenshi no Uso chap 1-8","http://blogtruyen.com/truyen/a-d-tenshi-no-uso"
"AAA","http://blogtruyen.com/truyen/aaa"
"A-Babies Vs. X-Babies (2012)","http://blogtruyen.com/truyen/a-babies-vs-x-babies"
"Abara Full 12 chap (2 vol)","http://blogtruyen.com/truyen/abara"
"abase the ace","http://blogtruyen.com/truyen/abase-the-ace"
"Abase the Ace - Ngọc trong đá Oneshot","http://blogtruyen.com/truyen/abase-the-ace-ngoc-trong-da"
"abenobashi mahou shoutengai","http://blogtruyen.com/truyen/abenobashi-mahou-shoutengai"
"Abide in the Wind update chap 4 haizzzzzzzz :((((","http://blogtruyen.com/truyen/abide-in-the-wind"
"Ability Update Chap 60 [HOT]","http://blogtruyen.com/truyen/ability-new"
"Ability update chap 38 mới","http://blogtruyen.com/truyen/ability"
"Ability Shop (Oneshot)","http://blogtruyen.com/truyen/ability-shop"
"Abnormal-kei Joshi update chap 10 hot","http://blogtruyen.com/truyen/abnormal-kei-joshi"
"A-bout! update chap 58","http://blogtruyen.com/truyen/a-bout-new"
"Absolute Boyfriend chap 8","http://blogtruyen.com/truyen/absolute-boyfriend"
"Absolute Duo Update Chap 9","http://blogtruyen.com/truyen/absolute-duo"
"Absolute Witch chap 4 mới","http://blogtruyen.com/truyen/absolute-witch"
"Absorb; Ability chap 1","http://blogtruyen.com/truyen/absorb-ability"
"Ác Ma Của Chiến Thắng ==> chương 19-21","http://blogtruyen.com/truyen/ac-ma-cua-chien-thang"
"ác quỷ và bản tình ca update chapter 33-34","http://blogtruyen.com/truyen/ac-quy-va-ban-tinh-ca"
"Accel World update chapter 9- super hottttttttt","http://blogtruyen.com/truyen/accel-world"
"Accel World / Dural - Magisa Garden Update Chap 008","http://blogtruyen.com/truyen/accel-world-dural-magisa-garden"
"Acchi Kocchi Update Chap 10","http://blogtruyen.com/truyen/acchi-kocchi"
"Ace of Hearts","http://blogtruyen.com/truyen/ace-of-hearts"
"Ách Xá update chap 19a","http://blogtruyen.com/truyen/ach-xa"
"Acony update chap 4 mới","http://blogtruyen.com/truyen/acony"
"Action","http://blogtruyen.com/truyen/action"
"adabana","http://blogtruyen.com/truyen/adabana"
"Adam in Puberty Chap 2","http://blogtruyen.com/truyen/adam-in-puberty"
"Addicted to Curry [update chapter 37] HOT!!!!","http://blogtruyen.com/truyen/addicted-to-curry"
"Addicted to curry update chap 70","http://blogtruyen.com/truyen/addicted-to-curry-new"
"Adekan update chap 31","http://blogtruyen.com/truyen/http-truyenvnsharingnet-truyen-adekan"
"Adolf chap 1-36","http://blogtruyen.com/truyen/adolf"
"Advent of Snow White to Hell - Địa ngục tuyết trắng chap 15","http://blogtruyen.com/truyen/advent-of-snow-white-to-hell-dia-nguc-tuyet-trang"
"Adventure Time Comic - When I Met You chap 2-9","http://blogtruyen.com/truyen/adventure-time-comic-when-i-met-you"
"adventureboy (full 7 chap)","http://blogtruyen.com/truyen/adventureboy"
"ADVENTURIER: SHINYAKU ARSÈNE LUPIN Chap 3","http://blogtruyen.com/truyen/adventurier-shinyaku-arsene-lupin"
"Aflame Inferno update chap 50","http://blogtruyen.com/truyen/aflame-inferno-new"
"After Friend one shot","http://blogtruyen.com/truyen/after-friend"
"After Life (Một oneshot siêu ngắn về một tình yêu chưa kịp thú nhận)","http://blogtruyen.com/truyen/after-life"
"After School War Activities chap 2","http://blogtruyen.com/truyen/after-school-war-activities"
"After School Wedding one shot","http://blogtruyen.com/truyen/after-school-wedding"
"Afternoon","http://blogtruyen.com/truyen/afternoon"
"Afuganisu-tan","http://blogtruyen.com/truyen/afuganisutan"
"Again!! chap 6","http://blogtruyen.com/truyen/again"
"Again!!","http://blogtruyen.com/truyen/again-7641"
"Age of Ultron chap 4","http://blogtruyen.com/truyen/age-of-ultron"
"Age of X","http://blogtruyen.com/truyen/age-of-x"
"Ageha 100% update chap 6 mới","http://blogtruyen.com/truyen/ageha-100"
"Ageha o Ou Monotachi update chap 6","http://blogtruyen.com/truyen/ageha-o-ou-monotachi-new"
"Agrippa chap 1","http://blogtruyen.com/truyen/agrippa"
"Aho Girl Update Chap 71.5","http://blogtruyen.com/truyen/aho-girl"
"Ai đó ta từng quen - Update Chap 7","http://blogtruyen.com/truyen/ai-do-ta-tung-quen"
"Ai Ga Tomaranai 17+ update chap 11 (Bonus cho các bấy bì ảnh anime áo dài, thích thì lần sau mình up tiếp ~~ )","http://blogtruyen.com/truyen/ai-ga-tomaranai"
"Ai Hime - Ai to Himegoto","http://blogtruyen.com/truyen/ai-hime-ai-to-himegoto"
"Ai hơn ai update chap 226","http://blogtruyen.com/truyen/ai-hon-ai"
"Ai Kaimasse one shot","http://blogtruyen.com/truyen/ai-kaimasse"
"Ai Kara Hajimaru chap 3 mới","http://blogtruyen.com/truyen/ai-kara-hajimaru"
"Ai Kiss - Idol Kiss chap 4","http://blogtruyen.com/truyen/ai-kiss-idol-kiss"
"Ai no Shitsutakabutta chap 8","http://blogtruyen.com/truyen/ai-no-shitsutakabutta"
"Ai Wo Utau Yori Ore Ni Oborero Mối tình hoa hồng xanh","http://blogtruyen.com/truyen/ai-wo-utau-yori-ore-ni-oborero"
"Ai Yori Aoshi chap chap 49 >> 55 cho các chú mê truyện tình cảm ecchi  @_^","http://blogtruyen.com/truyen/ai-yori-aoshi-new"
"Aikatsu Short Manga","http://blogtruyen.com/truyen/aikatsu-short-manga"
"Aiki Update Chap 98 Super Hot !!!!!!!!!!!!!","http://blogtruyen.com/truyen/aiki"
"Aiki-S update chap 19","http://blogtruyen.com/truyen/aiki-s"
"Aikora","http://blogtruyen.com/truyen/aikora"
"Aimane – Akuma na Kanojo o Produce update chapter 11","http://blogtruyen.com/truyen/aimane-akuma-na-kanojo-o-produce"
"Aimer Update Chap 005","http://blogtruyen.com/truyen/aimer"
"Air Gear update chap 247-248","http://blogtruyen.com/truyen/air-gear"
"Air Koi Update Chap 003 ^^","http://blogtruyen.com/truyen/air-koi-new"
"Ai-Ren (Người Tình) [update chap 43 - Hot]","http://blogtruyen.com/truyen/Ai-Ren"
"Airuika one shot","http://blogtruyen.com/truyen/airuika"
"Aisaretaino","http://blogtruyen.com/truyen/aisaretaino"
"Aishiteruze Baby","http://blogtruyen.com/truyen/aishiteruze-baby"
"Aisupe @","http://blogtruyen.com/truyen/aisupe"
"Aiyoku no Eustia chap 4 mới","http://blogtruyen.com/truyen/aiyoku-no-eustia"
"Aizawa-san Zoushoku Update Chap 010 hàng về","http://blogtruyen.com/truyen/aizawa-san-zoushoku"
"Ajin update chap 27b","http://blogtruyen.com/truyen/ajin"
"Aka Akatoretachi no Monogatari chap 2 - hot !","http://blogtruyen.com/truyen/aka-akatoretachi-no-monogatari"
"Aka no Sekai chap 1-2","http://blogtruyen.com/truyen/aka-no-sekai"
"Aka no Yuuwaku","http://blogtruyen.com/truyen/aka-no-yuuwaku"
"Akaboshi - Ibun Suikoden chap 4 mới","http://blogtruyen.com/truyen/akaboshi-ibun-suikoden"
"Akachan to boku","http://blogtruyen.com/truyen/akachan-to-boku"
"Akagami no Shirayukihime update chap 18-19 mới","http://blogtruyen.com/truyen/akagami-no-shirayukihime"
"Akai Ito update chap 2 mới","http://blogtruyen.com/truyen/akai-ito"
"Akai Kami no Marure Ina oane shot","http://blogtruyen.com/truyen/akai-kami-no-marure-ina"
"Akai Michi one shot","http://blogtruyen.com/truyen/akai-michi"
"Akaki Tsuki no Mawaru Koro update chap 10a","http://blogtruyen.com/truyen/akaki-tsuki-no-mawaru-koro"
"AkaKise - Short Doujishi","http://blogtruyen.com/truyen/akakise-doujinh"
"AkaKise Doujinshi Update tới chap 58","http://blogtruyen.com/truyen/akakise-doujinshi"
"Akame ga KILL! ZERO Update Chap 008-009","http://blogtruyen.com/truyen/akame-ga-kill-zero"
"Akame ga Kiru Update Chap 53-56","http://blogtruyen.com/truyen/akame-ga-kiru"
"Akame Ga Kiru Update chap 54","http://blogtruyen.com/truyen/akame-ga-kiru-8012"
"Akane-chan Overdrive chap 2-10","http://blogtruyen.com/truyen/akane-chan-overdrive"
"Akaneiro Ni Somaru Saka END","http://blogtruyen.com/truyen/akaneiro-ni-somaru-saka"
"Akarui Sekai Keikaku update chap 19-20 mới","http://blogtruyen.com/truyen/akarui-sekai-keikaku"
"Akatsuki no Fumi One Shot","http://blogtruyen.com/truyen/akatsuki-no-fumi"
"Akatsuki no Yona update chap 16 mới","http://blogtruyen.com/truyen/akatsuki-no-yona"
"Akaya Akashiya Ayakashino Update Chap 7.5 mới","http://blogtruyen.com/truyen/akaya-akashiya-ayakashino"
"Akazukin Eliza fix link dow","http://blogtruyen.com/truyen/akazukin-eliza"
"Akazukin To Yasashii Ookami","http://blogtruyen.com/truyen/akazukin-to-yasashii-ookami"
"AKB48 Satsujin Jiken update chap 9 END","http://blogtruyen.com/truyen/akb48-satsujin-jiken"
"AKB49 - Renai Kinshi Jourei update chap 107, 108 ( laptop gẫy đôi...thông cảm)","http://blogtruyen.com/truyen/akb49-renan-kinshi-jourei"
"Aki Iro Kimi Iro","http://blogtruyen.com/truyen/aki-iro-kimi-iro"
"Akiba's Trip Update Chap 002. Hàng đầu năm.","http://blogtruyen.com/truyen/akiba-s-trip"
"Akiiro Bousou Biyori","http://blogtruyen.com/truyen/akiiro-bousou-biyori"
"Aki-iro, Kimi-iro ♦ Màu thu, màu của em","http://blogtruyen.com/truyen/aki-iro-kimi-iro-mau-thu-mau-cua-em"
"Akikan","http://blogtruyen.com/truyen/akikan"
"Aki-Sora Chap 1b","http://blogtruyen.com/truyen/aki-sora"
"Akkan Baby update chap 7 mới","http://blogtruyen.com/truyen/akkan-baby"
"Aku no Hana - Những bông hoa ác update chap ngoại truyện","http://blogtruyen.com/truyen/aku-no-hana"
"Aku no Higan update chap 6-7","http://blogtruyen.com/truyen/aku-no-higan"
"Aku no Meshitsukai chap 6 mới","http://blogtruyen.com/truyen/aku-no-meshitsukai"
"Akuma Bengoshi Kukabara One Shot! Vào liền, ngay và lập tức :))","http://blogtruyen.com/truyen/akuma-bengoshi-kukabara"
"Akuma De Kobito Update Chap 004","http://blogtruyen.com/truyen/akuma-de-kobito"
"Akuma de Koi Shiyou update chap 4","http://blogtruyen.com/truyen/akuma-de-koi-shiyou"
"Akuma de Koibito chapter 2 end","http://blogtruyen.com/truyen/akuma-de-koibito"
"Akuma de Sourou update chap 11 mới","http://blogtruyen.com/truyen/akuma-de-sourou"
"Akuma ga Kitarite","http://blogtruyen.com/truyen/akuma-ga-kitarite"
"Akuma na Cupid [One shot]","http://blogtruyen.com/truyen/akuma-na-cupid"
"Akuma no Hanayome","http://blogtruyen.com/truyen/akuma-no-hanayome"
"Akuma no Ikenie - Update Chap 3","http://blogtruyen.com/truyen/akuma-no-ikenie-new"
"AKUMA NO KAGI TO SHOUJO NO RAISON","http://blogtruyen.com/truyen/akuma-no-kagi-to-shoujo-no-raison"
"Akuma no Riddle Update Chap 013","http://blogtruyen.com/truyen/akuma-no-riddle"
"Akuma to Tsuki no Yoru one shot","http://blogtruyen.com/truyen/akuma-to-tsuki-no-yoru"
"Akuma wa Sasayaku one shot","http://blogtruyen.com/truyen/akuma-wa-sasayaku"
"Akumetsu update chap 70","http://blogtruyen.com/truyen/akumetsu"
"Akuno Của Tôi chap 1-8","http://blogtruyen.com/truyen/akuno-cua-toi"
"Akutou Danshi Collection","http://blogtruyen.com/truyen/akutou-danshi-collection"
"Aldnoah.Zero Anthology Comic chap 1","http://blogtruyen.com/truyen/aldnoahzero-anthology-comic"
"Aldnoah.zero Short Doujinshi chap 1-14","http://blogtruyen.com/truyen/aldnoahzero-short-doujinshi"
"Aletheia update 9-13","http://blogtruyen.com/truyen/aletheia"
"ALICE 38 °C ♥๖ۣۜUpdate Chap 34๖ۣۜEND ♥","http://blogtruyen.com/truyen/alice-38-c"
"ALICE 38C chap 1-14","http://blogtruyen.com/truyen/alice-38c"
"Alice In Hell update chap 16.5","http://blogtruyen.com/truyen/alice-in-hell"
"Alice in Underground","http://blogtruyen.com/truyen/alice-in-underground"
"Alice in Wonderland (Anthology) update chap 2","http://blogtruyen.com/truyen/alice-in-wonderland-anthology"
"Alice lạc vào sứ sở trái tim update chap 1,2,3","http://blogtruyen.com/truyen/alice-lac-vao-su-so-trai-tim"
"Alice Lạc Vào Xứ Sở Trái Tim Chương 4 đâyyyyyyyyyyyyyyyyy","http://blogtruyen.com/truyen/alice-lac-vao-xu-so-trai-tim"
"Alice no 100°C C chap 7 - End!","http://blogtruyen.com/truyen/alice-no-100-c-c"
"Alice Quartet update chap 5","http://blogtruyen.com/truyen/alice-quartet-new"
"alice......again? update chap 5-8(quởn nên up "sảng" chơi)","http://blogtruyen.com/truyen/alice-again"
"Alichino chap 1","http://blogtruyen.com/truyen/alichino"
"Alien from Yuri one shot","http://blogtruyen.com/truyen/alien-from-yuri"
"Alive - The Final Evolution Hàng về cho cú đêm đây:X:X","http://blogtruyen.com/truyen/alive-the-final-evolution"
"All New X-Men chap 12-13","http://blogtruyen.com/truyen/all-new-x-men"
"All round Type Moon update chap 11 (lại thêm 1 project drop lol)","http://blogtruyen.com/truyen/all-around-type-moon"
"All You Need Is Kill chap 17 END hot hot hot","http://blogtruyen.com/truyen/all-you-need-is-kill"
"alladin and the magic teapot","http://blogtruyen.com/truyen/alladin-and-the-magic-teapot"
"Allegro Agitato update chap 2 --> 7 end","http://blogtruyen.com/truyen/allegro-agitato"
"allumage [oneshot] mình search không thấy, bác nào up rùi thì kêu mình del liền nhá","http://blogtruyen.com/truyen/allumage-oneshot"
"Alto chap 11+12 kaka trap trap @_^","http://blogtruyen.com/truyen/alto"
"Always Together - Oneshot dễ thương","http://blogtruyen.com/truyen/always-together"
"Alyosha update chap 35-36","http://blogtruyen.com/truyen/alyosha"
"Ám Chi Lạc Ấn update chap 13","http://blogtruyen.com/truyen/am-chi-lac-an"
"Âm dương lộ Truyện ma kinh dị 18+ , ai thich truyện ma thì xem nào :P:P:P [ FULL ] nè pà kon","http://blogtruyen.com/truyen/am-duong-lo"
"Ám Hành Ngự Sử -Update chap 78!!! End","http://blogtruyen.com/truyen/am-hanh-ngu-su"
"Âm Linh Yêu Tinh Hoa Mỹ Nam chap 2","http://blogtruyen.com/truyen/am-linh-yeu-tinh-hoa-my-nam"
"Âm nhạc của Marie end","http://blogtruyen.com/truyen/am-nhac-cua-marie"
"Âm Vọng Đơn Côi update full","http://blogtruyen.com/truyen/am-vong-don-coi"
"Amagami - Love Goes On! - Morishima Haruka Hen này thì chap 6.5 - COMPLETE","http://blogtruyen.com/truyen/amagami-love-goes-on-morishima-haruka-hen"
"Amagami - My Ex-Stalker Can't Be This Cute! (Doujinshi) Other chap 1 one shot","http://blogtruyen.com/truyen/amagami-my-ex-stalker-can-t-be-this-cute-doujinshi-other"
"Amagami - Precious Diary update chap 16.6 END","http://blogtruyen.com/truyen/amagami-precious-diary"
"Amagami - Various Artists Volume 5 -chapter 7 @_^ chú ý 18+ nhé","http://blogtruyen.com/truyen/amagami-various-artists"
"Amagami Love Goes On! - Rihoko Arc","http://blogtruyen.com/truyen/amagami-love-goes-on-rihoko-arc"
"Amagi - Công Viên Tươi Đẹp","http://blogtruyen.com/truyen/amagi-cong-vien-tuoi-dep"
"Amagoi update chap 14","http://blogtruyen.com/truyen/amagoi"
"Amai Akuma ga Warau update chap 5","http://blogtruyen.com/truyen/amai-akuma-ga-warau"
"Amai Akumu No Menai update","http://blogtruyen.com/truyen/amai-akumu-no-menai"
"Amai Amai Koi o Seyo chap 2","http://blogtruyen.com/truyen/amai-amai-koi-o-seyo"
"Amairo Islenauts Update Chap 7.5","http://blogtruyen.com/truyen/amairo-islenauts"
"Amakusa 1637 update chap 19 mới","http://blogtruyen.com/truyen/amakusa-1637"
"Amanchu! ♦ Người của biển update chap 18","http://blogtruyen.com/truyen/amanchu-nguoi-cua-bien-new"
"AMANIN SHOUJO AZUKI UPDATE CHAP 5+6+7 [ end ]","http://blogtruyen.com/truyen/amanin-shoujo-azuki"
"Amatsuki chap 6","http://blogtruyen.com/truyen/amatsuki"
"Amayadori Wa Basu-tei De full","http://blogtruyen.com/truyen/amayadori-wa-basu-tei-de"
"Amazing Spider-man (Chap 682 - Đừng hoảng, vô đọc bình thường!)","http://blogtruyen.com/truyen/ASM"
"Ame no Gogo wa Romance no Heroine [one shot]","http://blogtruyen.com/truyen/ame-no-gogo-wa-romance-no-heroine"
"Ame no Murakumono update chap 3","http://blogtruyen.com/truyen/ame-no-murakumono"
"Ame Tokidoki Koi Moyou","http://blogtruyen.com/truyen/ame-tokidoki-koi-moyou"
"Ameiro Kouchakan Souwa Lilyca","http://blogtruyen.com/truyen/ameiro-kouchakan-souwa-lilyca"
"American Ghost Jack Update Chap 005","http://blogtruyen.com/truyen/american-ghost-jack"
"Americano - Exodus Update Chap 006","http://blogtruyen.com/truyen/americano-exodus"
"Amon Game","http://blogtruyen.com/truyen/amon-game"
"ăn đi","http://blogtruyen.com/truyen/an-di"
"Ẩn số chap 1-7","http://blogtruyen.com/truyen/an-so"
"Ana no Mujina chap 0","http://blogtruyen.com/truyen/ana-no-mujina"
"Ana Satsujin update chap 40","http://blogtruyen.com/truyen/ana-satsujin"
"Anagle Mole Update chap 30","http://blogtruyen.com/truyen/anagle-mole"
"Anata no hada ni fureru made One Shot","http://blogtruyen.com/truyen/anata-no-hada-ni-fureru-made"
"Anata no Tame nara Doko made mo","http://blogtruyen.com/truyen/anata-no-tame-nara-doko-made-mo"
"Anata no Uta Koishite Mita one shot","http://blogtruyen.com/truyen/anata-no-uta-koishite-mita"
"Android Dilemma one shot","http://blogtruyen.com/truyen/android-dilemma"
"Ane - Doki Full","http://blogtruyen.com/truyen/ane-doki"
"Ane Golem One Shot","http://blogtruyen.com/truyen/ane-golem"
"Ane Komi update chap 6!!!","http://blogtruyen.com/truyen/ane-komi"
"Ane Log - Moyako Neesan no Tomaranai Monologue Update Chap 20-23","http://blogtruyen.com/truyen/ane-log-moyako-neesan-no-tomaranai-monologue"
"Ane Pani One shot","http://blogtruyen.com/truyen/ane-pani"
"Ane-comi update chap 1","http://blogtruyen.com/truyen/ane-comi-7086-7086"
"Ane-Mone Seikaten one shot","http://blogtruyen.com/truyen/ane-mone-seikaten-new"
"Angel Beats!","http://blogtruyen.com/truyen/angel-beats"
"Angel Beats! Heaven's Door Update chap 36-40","http://blogtruyen.com/truyen/angel-beats-heavens-door-new"
"Angel Beats! Original Comics","http://blogtruyen.com/truyen/angel-beats-original-comics"
"Angel Beats! The 4-koma: Our War Front March Song Update Chapter 3","http://blogtruyen.com/truyen/angel-beats-the-4-koma-our-war-front-march-song"
"Angel Densetsu Full completed","http://blogtruyen.com/truyen/angel-densetsu"
"Angel Heart update chap 44","http://blogtruyen.com/truyen/angel-heart"
"Angel Hunt update chap mới","http://blogtruyen.com/truyen/angel-hunt-new"
"Angel no Oka Update chap 7 (vậy là cuối cùng cũng end bộ này, hẹn gặp các bạn trong bộ Kenjuu Tenshi)","http://blogtruyen.com/truyen/angel-no-oka"
"Angel Sanctuary Update Chap 120","http://blogtruyen.com/truyen/angel-sanctuary"
"angel sky one shot","http://blogtruyen.com/truyen/angel-sky"
"Angel Sky","http://blogtruyen.com/truyen/angel-sky-new"
"Angel Voice chap 36-37","http://blogtruyen.com/truyen/angel-voice"
"Angel/Dust update chap 5-9 mới","http://blogtruyen.com/truyen/angel-dust"
"Angel/Dust neo chap 8-9","http://blogtruyen.com/truyen/angel-dust-neo"
"Angelic Layer update chapter 21-26.5 end","http://blogtruyen.com/truyen/angelic-layer"
"Angel's Diary UPDATE chap 30 - 31","http://blogtruyen.com/truyen/diary-s-angel"
"Angel's share","http://blogtruyen.com/truyen/angel-share"
"Angel's_Doubt chap 1 New !","http://blogtruyen.com/truyen/angelsdoubt"
"Angle Love Song one shot","http://blogtruyen.com/truyen/angle-love-song"
"ảnh anime và ảnh wallpaper đẹp update chap 101-doraemon (thỉnh thoảng úp vài tấm đục khoét anh em phát)","http://blogtruyen.com/truyen/anh-dep-anime"
"Ảnh bìa Cover truyện One Piece nguyên gốc UPDATE Volume 51~60 Full Bìa","http://blogtruyen.com/truyen/a-nh-bi-a-cover-truye-n-one-piece"
"Anh Chàng Bảo Mẫu chap 1-8","http://blogtruyen.com/truyen/anh-chang-bao-mau"
"ảnh chế conan nào anh em mới và nóng đây!!!!","http://blogtruyen.com/truyen/anh-che-conan"
"Anh em đại chiến-Brother conflict purupuru manga update chap 3 so hot","http://blogtruyen.com/truyen/anh-em-dai-chien-brother-conflict-purupuru-manga"
"Anh Hung Lĩnh Nam(truyện VN)","http://blogtruyen.com/truyen/anh-hung-linh-nam-truyen-vn"
"Anh Hùng Vô Lệ Update chap 12 13 14. Boom và thông báo!","http://blogtruyen.com/truyen/anh-hung-vo-le"
"ảnh sưu tầm =.= coi đi , hơn cả kinh dị =>>> quái dị","http://blogtruyen.com/truyen/anh-suu-tam"
"Ánh trăng bí ẩn update chapter 22- (24)tập cuối","http://blogtruyen.com/truyen/anh-trang-bi-an"
"Ani ga Imouto de Imouto ga Ani update chap 6 mới","http://blogtruyen.com/truyen/ani-ga-imouto-de-imouto-ga-ani"
"Ani-Com [Chap 10 End]","http://blogtruyen.com/truyen/ani-com"
"Anima Cal Lives","http://blogtruyen.com/truyen/anima-cal-lives"
"Animal Jungle update story 4 End","http://blogtruyen.com/truyen/animal-jungle-new"
"Animal Man Update Chapter 1,2,3","http://blogtruyen.com/truyen/animal-man"
"animated one shot","http://blogtruyen.com/truyen/animated"
"Ann Cassandra chap 8 END","http://blogtruyen.com/truyen/ann-cassandra"
"ANNARASUMANARA update chap 27 END","http://blogtruyen.com/truyen/annarasumanara"
"Anne-chan Tarou","http://blogtruyen.com/truyen/anne-chan-tarou"
"Ano Hana chap 2 : Menma the hero","http://blogtruyen.com/truyen/ano-hana"
"Ano Ko no, Toriko. Update chap 006-7","http://blogtruyen.com/truyen/ano-ko-no-toriko"
"Ano Natsu de Matteru Update Chap 9","http://blogtruyen.com/truyen/ano-natsu-de-matteru"
"Ano Natsu de Matteru (next) Update Chap 7","http://blogtruyen.com/truyen/ano-natsu-de-matteru-next"
"Ano Natsu Kara Zutto","http://blogtruyen.com/truyen/ano-natsu-kara-zutto"
"Anonymous","http://blogtruyen.com/truyen/anonymous"
"Anorexia - Shikabane Hanako wa Kyoshokushou chap 2 mới","http://blogtruyen.com/truyen/anorexia-shikabane-hanako-wa-kyoshokushou"
"Another [Update Chap 17]","http://blogtruyen.com/truyen/another"
"Another 0 Chap 2 END","http://blogtruyen.com/truyen/another-0"
"Ansatsu Kyoushitsu update chap 113","http://blogtruyen.com/truyen/ansatsu-kyoushitsu"
"Anti Anti Angel Update chap 10 + ảnh bìa mới","http://blogtruyen.com/truyen/anti-anti-angel"
"ANTIDOTE update chapter 19","http://blogtruyen.com/truyen/survival-game-the-antidote"
"ANTIMAGIA update chap 9 mới","http://blogtruyen.com/truyen/antimagia"
"AntiMagic Academy “The 35th Test Platoon” [Update Chap 5-6]","http://blogtruyen.com/truyen/antimagic-academy-the-35th-test-platoon"
"Antique Wish e Youkoso","http://blogtruyen.com/truyen/antique-wish-e-youkoso"
"Anti-venom New way to live chapter 1-3 complete","http://blogtruyen.com/truyen/antivenom-new-way-to-live"
"Anya Kouro One Shot","http://blogtruyen.com/truyen/anya-kouro"
"Ao Haru Ride update chap 47 mới","http://blogtruyen.com/truyen/ao-haru-ride"
"ao haru ride 2 update chap 17a","http://blogtruyen.com/truyen/ao-haru-ride-2"
"Ảo Long Vương chap 45","http://blogtruyen.com/truyen/ao-long-vuong-new"
"Ao no Exorcist - Update Chap 60","http://blogtruyen.com/truyen/ao-no-exorcist"
"Ao no Fuuin - Blue Seal update chap 53 END","http://blogtruyen.com/truyen/ao-no-fuuin-blue-seal"
"Ao No Rhapsodia / Rhapsodia Xanh","http://blogtruyen.com/truyen/ao-no-rhapsodia-rhapsodia-xanh"
"Aoharu x Kikanjuu chap 0b","http://blogtruyen.com/truyen/aoharu-x-kikanjuu"
"Aoi Destruction","http://blogtruyen.com/truyen/aoi-destruction"
"Aoi Kiseki","http://blogtruyen.com/truyen/aoi-kiseki"
"Aoi Spice","http://blogtruyen.com/truyen/aoi-spice"
"Aoki Hagane no Arpeggio update chapter 054","http://blogtruyen.com/truyen/aoki-hagane-no-arpeggio"
"Aosora chap 1","http://blogtruyen.com/truyen/aosora"
"Aozora Yell chap 1","http://blogtruyen.com/truyen/aozora-yell"
"Apart Mate Chap 8!!! Hot hot hot !!!","http://blogtruyen.com/truyen/apart-mate"
"APH Doujinshi - Sweet Devil","http://blogtruyen.com/truyen/aph-doujinshi-sweet-devil"
"Aphorism Update Chap 57","http://blogtruyen.com/truyen/aphorism-new"
"Apocalypse no Toride update chap 39 mới","http://blogtruyen.com/truyen/apocalypse-no-toride"
"Apollo’s Song update chap 5d END","http://blogtruyen.com/truyen/apollo-s-song"
"Appearance of the Yellow Dragon","http://blogtruyen.com/truyen/appearance-of-the-yellow-dragon"
"apple liptan one shot","http://blogtruyen.com/truyen/apple-liptan"
"April Fool","http://blogtruyen.com/truyen/april-fool"
"AQUA Full 10 chap","http://blogtruyen.com/truyen/aqua"
"Aqua Blue Cinema Tổng hợp 6 chap","http://blogtruyen.com/truyen/aqua-blue-cinema"
"Aquaman chap 30","http://blogtruyen.com/truyen/aquaman"
"Ar Forgotten Summer! [Full 3 chap]","http://blogtruyen.com/truyen/ar-forgotten-summer-new"
"Ar no Surge - Umareizuru Hoshu e Inoru Uta update chap 10","http://blogtruyen.com/truyen/ar-no-surge-umareizuru-hoshu-e-inoru-uta"
"Arachnid Update Chap 29","http://blogtruyen.com/truyen/arachnid"
"Arago -Update chapter 47-50","http://blogtruyen.com/truyen/arago"
"Arakawa Under the Bridge","http://blogtruyen.com/truyen/arakawa-under-the-bridge"
"Arata Kangatari Update#24: hú hú hú hú hú \m/","http://blogtruyen.com/truyen/arata-kangatari"
"Aratama Tribe Full 7 chap","http://blogtruyen.com/truyen/aratama-tribe"
"Arcana Famiglia update chap 7 mới","http://blogtruyen.com/truyen/arcana-famiglia"
"Arcana Soul Full 14 chap","http://blogtruyen.com/truyen/arcana-soul"
"Are na Kare tono Kurashikata One-shot","http://blogtruyen.com/truyen/are-na-kare-tono-kurashikata"
"Are you Alice? update chap 42-43 mới","http://blogtruyen.com/truyen/are-you-alice"
"Area D update chap 89 mới","http://blogtruyen.com/truyen/are-d"
"Area no kishi [Update chap 99]","http://blogtruyen.com/truyen/area-no-kishi"
"Ares","http://blogtruyen.com/truyen/ares-new"
"ARIA update chap 42-43","http://blogtruyen.com/truyen/aria"
"Aries - Thần thoại","http://blogtruyen.com/truyen/aries-tha-n-thoa-i"
"Arisa CHAP 44 [full]","http://blogtruyen.com/truyen/arisa-7524"
"ARISA update chap 12 mới","http://blogtruyen.com/truyen/arisa"
"ARK:Romancer Update Chap 003","http://blogtruyen.com/truyen/ark-romancer"
"ARK:Romancer update chap 1","http://blogtruyen.com/truyen/ark-romancer-7076"
"Armored Highschool Chap 3","http://blogtruyen.com/truyen/armored-highschool"
"Arslan Chiến ký update chap 11 mới","http://blogtruyen.com/truyen/arslan-chien-ky"
"Arslan Senki","http://blogtruyen.com/truyen/rslan-senki"
"Artist Acro Update Chap 8.","http://blogtruyen.com/truyen/artist-acro"
"Aruitou Update Chap 7-9","http://blogtruyen.com/truyen/aruitou"
"Aruosumente update chap 20 mới","http://blogtruyen.com/truyen/aruosumente"
"Asa made Jugyou Chu ! Update chap 34 yeahhhhhhhhhhhhhh","http://blogtruyen.com/truyen/asa-made-jugyou-chu"
"Asagao To Kase san update chap 5 + 5.5 - HAPPY BIRTHDAY LIGHTNING Group !","http://blogtruyen.com/truyen/asagao-to-kase-san"
"Asari tinh nghịch  18 chap :|","http://blogtruyen.com/truyen/asari-tinh-nghich"
"Ashita Dorobou update chap 30 31(end)!!! HOT !!!!","http://blogtruyen.com/truyen/ashita-dorobou"
"Ashita no Joe Update chap 57-58","http://blogtruyen.com/truyen/ashita-no-joe"
"Ashita no Kimi ni Dekiru Koto one shot","http://blogtruyen.com/truyen/ashita-no-kimi-ni-dekiru-koto"
"Ashita no Kyouko-san update chap  10 mới","http://blogtruyen.com/truyen/ashita-no-kyouko-san"
"Ashita no Yoichi Update chap 58 END !!!!","http://blogtruyen.com/truyen/ashita-no-yoichi"
"Asklepios Bùm!!! The End!","http://blogtruyen.com/truyen/asklepios-new"
"Asobi ni Iku yo! update chap 2,3,4","http://blogtruyen.com/truyen/asobi-ni-iku-yo"
"Assassin's Creed 4 - Black Flag - Kakusei update chap 5 mới","http://blogtruyen.com/truyen/assassin-s-creed-4-black-flag-kakusei"
"Assassin's Creed: Revelations - Memoria Update Chap 001","http://blogtruyen.com/truyen/assassin-s-creed-revelations-memoria"
"Assobot Goku chap 2","http://blogtruyen.com/truyen/assobot-goku"
"Astonishing X-Men chap 1-3","http://blogtruyen.com/truyen/astonishing-x-men"
"Astro Boy","http://blogtruyen.com/truyen/astro-boy"
"Asuka Hybrid update Chap 5 (ai ko rõ giới tính của mình thì vào tuyển quân gender bender cho itqsoft 2 )","http://blogtruyen.com/truyen/asuka-hybrid-new-new"
"At least, like that snow","http://blogtruyen.com/truyen/at-least-like-that-snow"
"Atashi no Banbi chap 1","http://blogtruyen.com/truyen/atashi-no-banbi"
"atashi no mannaka","http://blogtruyen.com/truyen/atashi-no-mannaka"
"ATASHI NO OKINIIRI One Shot","http://blogtruyen.com/truyen/atashi-no-okiniiri"
"Atashi wa Sore o Gaman Dekinai one shot","http://blogtruyen.com/truyen/atashi-wa-sore-o-gaman-dekinai"
"Ato no Matsuri Oneshot (Một oneshot shounen-ai hơi đô một tí, yêu cầu cân nhắc kỹ trước khi đọc)","http://blogtruyen.com/truyen/ato-no-matsuri-oneshot"
"Atori Shou (update chap 2)","http://blogtruyen.com/truyen/atori-shou"
"Atsui Hibi","http://blogtruyen.com/truyen/atsui-hibi"
"Attack!! chap 10","http://blogtruyen.com/truyen/attack"
"Attaque update chap 27 mới","http://blogtruyen.com/truyen/attaque"
"Automata","http://blogtruyen.com/truyen/automata"
"AUTOMATA Update chap 040.5","http://blogtruyen.com/truyen/automata-7243"
"Avatar chap 4","http://blogtruyen.com/truyen/avatar"
"Avatar The Last Airbender Lời giao ước I","http://blogtruyen.com/truyen/avatar-the-last-airbender"
"Avengers Annual","http://blogtruyen.com/truyen/avengers-annual"
"Avengers Disassembled","http://blogtruyen.com/truyen/avengers-disassembled"
"Avengers Marvel Now volume 5","http://blogtruyen.com/truyen/avengers-marvel-now-volume-5"
"Avengers Origin Scarlet Witch & Quicksilver","http://blogtruyen.com/truyen/http-www-mediafire-com-download-xsxs0ksixfa1n72-avengers-origin-scarlet-witch-26-quicksilver-cbr"
"Avengers vs X-men (Đã fix link + Update Chap #008)","http://blogtruyen.com/truyen/AVSX"
"Avengers VS X-men chap 1-69","http://blogtruyen.com/truyen/avengers-vs-x-men"
"Avengers: The Children's Crusade","http://blogtruyen.com/truyen/avengers-the-childrens-crusade"
"Avengers-X-Sanction Full","http://blogtruyen.com/truyen/avengersxsanction"
"Avenging Spider-man (Update chap 5 - The best so far)","http://blogtruyen.com/truyen/avenging-spiderman"
"Ayahatori Shoukanjou","http://blogtruyen.com/truyen/ayahatori-shoukanjou"
"Ayakari-Zoushi Update Chap 4.6","http://blogtruyen.com/truyen/ayakari-zoushi"
"Ayakashi Hisen update chap 16 mới","http://blogtruyen.com/truyen/ayakashi-hisen"
"Ayakashi Koi Emaki update chap 12-14","http://blogtruyen.com/truyen/ayakashi-koi-emaki"
"Ayame to Amane chap 4-14","http://blogtruyen.com/truyen/ayame-to-amane"
"Ayu Mayu Update chap 29 Complete","http://blogtruyen.com/truyen/ayu-mayu"
"Azrael - Angel of Death chap 2 Hot !","http://blogtruyen.com/truyen/azrael"
"Azumanga Daioh","http://blogtruyen.com/truyen/azumanga-daioh"
"azumi","http://blogtruyen.com/truyen/azumi"
"azusa one-shot rất hay đấy (ủng hộ các truyện khác của mình nữa nào)","http://blogtruyen.com/truyen/azusa"
"B Gata H Kei update chap 162 mới","http://blogtruyen.com/truyen/b-gata-h-kei"
"B&W","http://blogtruyen.com/truyen/b-w"
"B.O.D.Y  one shot","http://blogtruyen.com/truyen/b-o-d-y"
"B.O.D.Y. update chap 3.1","http://blogtruyen.com/truyen/body"
"Bá Đao update chap 65","http://blogtruyen.com/truyen/ba-dao"
"Ba Động Quyền Z update chap 4","http://blogtruyen.com/truyen/ba-dong-quyen-z"
"Bá Tước Lạnh Lùng update chap 10-11","http://blogtruyen.com/truyen/ba-tuoc-lanh-lung"
"Baby Cinnamon","http://blogtruyen.com/truyen/baby-cinnamon"
"Baby Love chap 45","http://blogtruyen.com/truyen/baby-love"
