BLOGTRUYEN,https://drive.google.com/uc?export=download&id=0BwclU1yWN7VGbFNwNkxxWEtONWM

TRUYENTRANH8,https://drive.google.com/uc?export=download&id=0BwclU1yWN7VGRlNTVHZRZTdrazA

TRUYENTRANHTUAN,https://drive.google.com/uc?export=download&id=0BwclU1yWN7VGS0VESW1KZGFZTUU

HOCVIENTRUYENTRANH,https://drive.google.com/uc?export=download&id=0BwclU1yWN7VGMndTbElXWGR6V00

IZTRUYENTRANH,https://drive.google.com/uc?export=download&id=0BwclU1yWN7VGbXZnbzBQSmpQdDA

LHMANGA,https://drive.google.com/uc?export=download&id=0BwclU1yWN7VGclkxWElUd3Jubm8

TRUYENTRANHNET,https://drive.google.com/uc?export=download&id=0BwclU1yWN7VGUHI1aFNQN3l6Rzg

TRUYENTRANHMOI,https://drive.google.com/uc?export=download&id=0BwclU1yWN7VGbHBRZzZPSUlidFU

MANGAK,https://drive.google.com/uc?export=download&id=0BwclU1yWN7VGZFotZzRnb05SbWs

UPTRUYEN,https://drive.google.com/uc?export=download&id=0BwclU1yWN7VGd3N4Ny1GY240UUU

TRUYENTRANHONLINE,https://drive.google.com/uc?export=download&id=

HAMTRUYEN,https://drive.google.com/uc?export=download&id=


MANGAFOX,https://drive.google.com/uc?export=download&id=0BwclU1yWN7VGMmpRV1laSkd2M0E

MANGAPARK,https://drive.google.com/uc?export=download&id=0BwclU1yWN7VGMG9CUUdIX3ZOWEE
